./java/org/jfree/chart/annotations/AbstractAnnotation.java,      15
./java/org/jfree/chart/annotations/AbstractXYAnnotation.java,      13
./java/org/jfree/chart/annotations/Annotation.java,       4
./java/org/jfree/chart/annotations/CategoryAnnotation.java,       3
./java/org/jfree/chart/annotations/CategoryLineAnnotation.java,      28
./java/org/jfree/chart/annotations/CategoryPointerAnnotation.java,      40
./java/org/jfree/chart/annotations/CategoryTextAnnotation.java,      17
./java/org/jfree/chart/annotations/TextAnnotation.java,      31
./java/org/jfree/chart/annotations/XYAnnotation.java,       3
./java/org/jfree/chart/annotations/XYAnnotationBoundsInfo.java,       5
./java/org/jfree/chart/annotations/XYBoxAnnotation.java,      19
./java/org/jfree/chart/annotations/XYDataImageAnnotation.java,      24
./java/org/jfree/chart/annotations/XYDrawableAnnotation.java,      15
./java/org/jfree/chart/annotations/XYImageAnnotation.java,      19
./java/org/jfree/chart/annotations/XYLineAnnotation.java,      17
./java/org/jfree/chart/annotations/XYPointerAnnotation.java,      39
./java/org/jfree/chart/annotations/XYPolygonAnnotation.java,      20
./java/org/jfree/chart/annotations/XYShapeAnnotation.java,      16
./java/org/jfree/chart/annotations/XYTextAnnotation.java,      51
./java/org/jfree/chart/annotations/XYTitleAnnotation.java,      25
./java/org/jfree/chart/axis/Axis.java,     117
./java/org/jfree/chart/axis/AxisCollection.java,      12
./java/org/jfree/chart/axis/AxisLabelLocation.java,      12
./java/org/jfree/chart/axis/AxisLocation.java,      15
./java/org/jfree/chart/axis/AxisSpace.java,      26
./java/org/jfree/chart/axis/AxisState.java,      18
./java/org/jfree/chart/axis/CategoryAnchor.java,      11
./java/org/jfree/chart/axis/CategoryAxis.java,      70
./java/org/jfree/chart/axis/CategoryLabelPosition.java,      21
./java/org/jfree/chart/axis/CategoryLabelPositions.java,      23
./java/org/jfree/chart/axis/CategoryLabelWidthType.java,      10
./java/org/jfree/chart/axis/CategoryTick.java,      11
./java/org/jfree/chart/axis/CompassFormat.java,      10
./java/org/jfree/chart/axis/CyclicNumberAxis.java,      48
./java/org/jfree/chart/axis/DateAxis.java,      73
./java/org/jfree/chart/axis/DateTick.java,       8
./java/org/jfree/chart/axis/DateTickMarkPosition.java,      11
./java/org/jfree/chart/axis/DateTickUnit.java,      25
./java/org/jfree/chart/axis/DateTickUnitType.java,      16
./java/org/jfree/chart/axis/ExtendedCategoryAxis.java,      17
./java/org/jfree/chart/axis/LogarithmicAxis.java,      40
./java/org/jfree/chart/axis/LogAxis.java,      47
./java/org/jfree/chart/axis/LogTick.java,       5
./java/org/jfree/chart/axis/MarkerAxisBand.java,      17
./java/org/jfree/chart/axis/ModuloAxis.java,      22
./java/org/jfree/chart/axis/MonthDateFormat.java,      15
./java/org/jfree/chart/axis/NumberAxis.java,      51
./java/org/jfree/chart/axis/NumberTick.java,       6
./java/org/jfree/chart/axis/NumberTickUnit.java,      11
./java/org/jfree/chart/axis/NumberTickUnitSource.java,       6
./java/org/jfree/chart/axis/PeriodAxis.java,      63
./java/org/jfree/chart/axis/PeriodAxisLabelInfo.java,      32
./java/org/jfree/chart/axis/QuarterDateFormat.java,      15
./java/org/jfree/chart/axis/StandardTickUnitSource.java,       9
./java/org/jfree/chart/axis/SubCategoryAxis.java,      20
./java/org/jfree/chart/axis/SymbolAxis.java,      30
./java/org/jfree/chart/axis/Tick.java,      15
./java/org/jfree/chart/axis/TickType.java,       9
./java/org/jfree/chart/axis/TickUnit.java,      13
./java/org/jfree/chart/axis/TickUnits.java,      13
./java/org/jfree/chart/axis/TickUnitSource.java,       5
./java/org/jfree/chart/axis/Timeline.java,       9
./java/org/jfree/chart/axis/ValueAxis.java,     102
./java/org/jfree/chart/axis/ValueTick.java,       9
./java/org/jfree/chart/block/AbstractBlock.java,      45
./java/org/jfree/chart/block/Arrangement.java,       5
./java/org/jfree/chart/block/Block.java,       9
./java/org/jfree/chart/block/BlockBorder.java,      17
./java/org/jfree/chart/block/BlockContainer.java,      19
./java/org/jfree/chart/block/BlockFrame.java,       4
./java/org/jfree/chart/block/BlockParams.java,      12
./java/org/jfree/chart/block/BlockResult.java,       6
./java/org/jfree/chart/block/BorderArrangement.java,      18
./java/org/jfree/chart/block/CenterArrangement.java,      16
./java/org/jfree/chart/block/ColorBlock.java,      12
./java/org/jfree/chart/block/ColumnArrangement.java,      18
./java/org/jfree/chart/block/EmptyBlock.java,       8
./java/org/jfree/chart/block/EntityBlockParams.java,       3
./java/org/jfree/chart/block/EntityBlockResult.java,       3
./java/org/jfree/chart/block/FlowArrangement.java,      21
./java/org/jfree/chart/block/GridArrangement.java,      19
./java/org/jfree/chart/block/LabelBlock.java,      34
./java/org/jfree/chart/block/LengthConstraintType.java,      12
./java/org/jfree/chart/block/LineBorder.java,      15
./java/org/jfree/chart/block/RectangleConstraint.java,      27
./java/org/jfree/chart/ChartColor.java,      28
./java/org/jfree/chart/ChartFactory.java,      57
./java/org/jfree/chart/ChartFrame.java,       6
./java/org/jfree/chart/ChartHints.java,       7
./java/org/jfree/chart/ChartMouseEvent.java,      10
./java/org/jfree/chart/ChartMouseListener.java,       4
./java/org/jfree/chart/ChartPanel.java,     202
./java/org/jfree/chart/ChartRenderingInfo.java,      18
./java/org/jfree/chart/ChartTheme.java,       3
./java/org/jfree/chart/ChartTransferable.java,      17
./java/org/jfree/chart/ChartUtils.java,      29
./java/org/jfree/chart/date/MonthConstants.java,      13
./java/org/jfree/chart/date/package-info.java,       1
./java/org/jfree/chart/date/SerialDate.java,      80
./java/org/jfree/chart/date/SpreadsheetDate.java,      27
./java/org/jfree/chart/demo/BarChartDemo1.java,       8
./java/org/jfree/chart/demo/PieChartDemo1.java,       8
./java/org/jfree/chart/demo/TimeSeriesChartDemo1.java,       7
./java/org/jfree/chart/editor/ChartEditor.java,       3
./java/org/jfree/chart/editor/ChartEditorFactory.java,       3
./java/org/jfree/chart/editor/ChartEditorManager.java,       7
./java/org/jfree/chart/editor/DefaultAxisEditor.java,      38
./java/org/jfree/chart/editor/DefaultChartEditor.java,      15
./java/org/jfree/chart/editor/DefaultChartEditorFactory.java,       4
./java/org/jfree/chart/editor/DefaultLogAxisEditor.java,       8
./java/org/jfree/chart/editor/DefaultNumberAxisEditor.java,       5
./java/org/jfree/chart/editor/DefaultPlotEditor.java,      33
./java/org/jfree/chart/editor/DefaultPolarPlotEditor.java,      13
./java/org/jfree/chart/editor/DefaultTitleEditor.java,      21
./java/org/jfree/chart/editor/DefaultValueAxisEditor.java,      31
./java/org/jfree/chart/encoders/EncoderUtil.java,      10
./java/org/jfree/chart/encoders/ImageEncoder.java,       8
./java/org/jfree/chart/encoders/ImageEncoderFactory.java,       9
./java/org/jfree/chart/encoders/ImageFormat.java,       5
./java/org/jfree/chart/encoders/SunJPEGEncoderAdapter.java,      10
./java/org/jfree/chart/encoders/SunPNGEncoderAdapter.java,       8
./java/org/jfree/chart/entity/AxisEntity.java,      14
./java/org/jfree/chart/entity/CategoryItemEntity.java,      15
./java/org/jfree/chart/entity/CategoryLabelEntity.java,       8
./java/org/jfree/chart/entity/ChartEntity.java,      26
./java/org/jfree/chart/entity/EntityCollection.java,      10
./java/org/jfree/chart/entity/JFreeChartEntity.java,      14
./java/org/jfree/chart/entity/LegendItemEntity.java,      14
./java/org/jfree/chart/entity/PieSectionEntity.java,      19
./java/org/jfree/chart/entity/PlotEntity.java,      14
./java/org/jfree/chart/entity/StandardEntityCollection.java,      15
./java/org/jfree/chart/entity/TickLabelEntity.java,       4
./java/org/jfree/chart/entity/TitleEntity.java,      14
./java/org/jfree/chart/entity/XYAnnotationEntity.java,       8
./java/org/jfree/chart/entity/XYItemEntity.java,      15
./java/org/jfree/chart/event/AnnotationChangeEvent.java,       5
./java/org/jfree/chart/event/AnnotationChangeListener.java,       3
./java/org/jfree/chart/event/AxisChangeEvent.java,       5
./java/org/jfree/chart/event/AxisChangeListener.java,       3
./java/org/jfree/chart/event/ChartChangeEvent.java,      11
./java/org/jfree/chart/event/ChartChangeEventType.java,      12
./java/org/jfree/chart/event/ChartChangeListener.java,       3
./java/org/jfree/chart/event/ChartProgressEvent.java,      14
./java/org/jfree/chart/event/ChartProgressListener.java,       3
./java/org/jfree/chart/event/MarkerChangeEvent.java,       5
./java/org/jfree/chart/event/MarkerChangeListener.java,       3
./java/org/jfree/chart/event/OverlayChangeEvent.java,       3
./java/org/jfree/chart/event/OverlayChangeListener.java,       3
./java/org/jfree/chart/event/PlotChangeEvent.java,       5
./java/org/jfree/chart/event/PlotChangeListener.java,       3
./java/org/jfree/chart/event/RendererChangeEvent.java,       8
./java/org/jfree/chart/event/RendererChangeListener.java,       3
./java/org/jfree/chart/event/TitleChangeEvent.java,       5
./java/org/jfree/chart/event/TitleChangeListener.java,       3
./java/org/jfree/chart/HashUtils.java,      15
./java/org/jfree/chart/imagemap/DynamicDriveToolTipTagFragmentGenerator.java,       7
./java/org/jfree/chart/imagemap/ImageMapUtils.java,       9
./java/org/jfree/chart/imagemap/OverLIBToolTipTagFragmentGenerator.java,       4
./java/org/jfree/chart/imagemap/StandardToolTipTagFragmentGenerator.java,       4
./java/org/jfree/chart/imagemap/StandardURLTagFragmentGenerator.java,       4
./java/org/jfree/chart/imagemap/ToolTipTagFragmentGenerator.java,       3
./java/org/jfree/chart/imagemap/URLTagFragmentGenerator.java,       3
./java/org/jfree/chart/JFreeChart.java,      99
./java/org/jfree/chart/labels/AbstractCategoryItemLabelGenerator.java,      21
./java/org/jfree/chart/labels/AbstractPieItemLabelGenerator.java,      15
./java/org/jfree/chart/labels/AbstractXYItemLabelGenerator.java,      25
./java/org/jfree/chart/labels/BoxAndWhiskerToolTipGenerator.java,       8
./java/org/jfree/chart/labels/BoxAndWhiskerXYToolTipGenerator.java,       8
./java/org/jfree/chart/labels/BubbleXYItemLabelGenerator.java,      16
./java/org/jfree/chart/labels/CategoryItemLabelGenerator.java,       5
./java/org/jfree/chart/labels/CategorySeriesLabelGenerator.java,       3
./java/org/jfree/chart/labels/CategoryToolTipGenerator.java,       3
./java/org/jfree/chart/labels/CrosshairLabelGenerator.java,       3
./java/org/jfree/chart/labels/CustomXYToolTipGenerator.java,      12
./java/org/jfree/chart/labels/HighLowItemLabelGenerator.java,      12
./java/org/jfree/chart/labels/IntervalCategoryItemLabelGenerator.java,       8
./java/org/jfree/chart/labels/IntervalCategoryToolTipGenerator.java,       9
./java/org/jfree/chart/labels/IntervalXYItemLabelGenerator.java,      12
./java/org/jfree/chart/labels/IntervalXYToolTipGenerator.java,      12
./java/org/jfree/chart/labels/ItemLabelAnchor.java,      33
./java/org/jfree/chart/labels/ItemLabelPosition.java,      15
./java/org/jfree/chart/labels/MultipleXYSeriesLabelGenerator.java,      16
./java/org/jfree/chart/labels/PieSectionLabelGenerator.java,       4
./java/org/jfree/chart/labels/PieToolTipGenerator.java,       3
./java/org/jfree/chart/labels/StandardCategoryItemLabelGenerator.java,      10
./java/org/jfree/chart/labels/StandardCategorySeriesLabelGenerator.java,      12
./java/org/jfree/chart/labels/StandardCategoryToolTipGenerator.java,       9
./java/org/jfree/chart/labels/StandardCrosshairLabelGenerator.java,      11
./java/org/jfree/chart/labels/StandardPieSectionLabelGenerator.java,      16
./java/org/jfree/chart/labels/StandardPieToolTipGenerator.java,      11
./java/org/jfree/chart/labels/StandardXYItemLabelGenerator.java,      13
./java/org/jfree/chart/labels/StandardXYSeriesLabelGenerator.java,      12
./java/org/jfree/chart/labels/StandardXYToolTipGenerator.java,      13
./java/org/jfree/chart/labels/StandardXYZToolTipGenerator.java,      15
./java/org/jfree/chart/labels/SymbolicXYItemLabelGenerator.java,       9
./java/org/jfree/chart/labels/XYItemLabelGenerator.java,       3
./java/org/jfree/chart/labels/XYSeriesLabelGenerator.java,       3
./java/org/jfree/chart/labels/XYToolTipGenerator.java,       3
./java/org/jfree/chart/labels/XYZToolTipGenerator.java,       3
./java/org/jfree/chart/LegendItem.java,     109
./java/org/jfree/chart/LegendItemCollection.java,      12
./java/org/jfree/chart/LegendItemSource.java,       3
./java/org/jfree/chart/LegendRenderingOrder.java,      10
./java/org/jfree/chart/MouseWheelHandler.java,       9
./java/org/jfree/chart/needle/ArrowNeedle.java,       9
./java/org/jfree/chart/needle/LineNeedle.java,       7
./java/org/jfree/chart/needle/LongNeedle.java,       8
./java/org/jfree/chart/needle/MeterNeedle.java,      37
./java/org/jfree/chart/needle/MiddlePinNeedle.java,       7
./java/org/jfree/chart/needle/PinNeedle.java,       7
./java/org/jfree/chart/needle/PlumNeedle.java,       7
./java/org/jfree/chart/needle/PointerNeedle.java,       7
./java/org/jfree/chart/needle/ShipNeedle.java,       7
./java/org/jfree/chart/needle/WindNeedle.java,       7
./java/org/jfree/chart/PaintMap.java,      13
./java/org/jfree/chart/panel/AbstractOverlay.java,       8
./java/org/jfree/chart/panel/CrosshairOverlay.java,      22
./java/org/jfree/chart/panel/Overlay.java,       5
./java/org/jfree/chart/plot/AbstractPieLabelDistributor.java,       9
./java/org/jfree/chart/plot/CategoryCrosshairState.java,      11
./java/org/jfree/chart/plot/CategoryMarker.java,      12
./java/org/jfree/chart/plot/CategoryPlot.java,     281
./java/org/jfree/chart/plot/CenterTextMode.java,       5
./java/org/jfree/chart/plot/CombinedDomainCategoryPlot.java,      31
./java/org/jfree/chart/plot/CombinedDomainXYPlot.java,      36
./java/org/jfree/chart/plot/CombinedRangeCategoryPlot.java,      26
./java/org/jfree/chart/plot/CombinedRangeXYPlot.java,      34
./java/org/jfree/chart/plot/CompassPlot.java,      56
./java/org/jfree/chart/plot/Crosshair.java,      58
./java/org/jfree/chart/plot/CrosshairState.java,      29
./java/org/jfree/chart/plot/DatasetRenderingOrder.java,      11
./java/org/jfree/chart/plot/DefaultDrawingSupplier.java,      38
./java/org/jfree/chart/plot/dial/AbstractDialLayer.java,      15
./java/org/jfree/chart/plot/dial/ArcDialFrame.java,      35
./java/org/jfree/chart/plot/dial/DialBackground.java,      18
./java/org/jfree/chart/plot/dial/DialCap.java,      23
./java/org/jfree/chart/plot/dial/DialFrame.java,       3
./java/org/jfree/chart/plot/dial/DialLayer.java,       8
./java/org/jfree/chart/plot/dial/DialLayerChangeEvent.java,       5
./java/org/jfree/chart/plot/dial/DialLayerChangeListener.java,       3
./java/org/jfree/chart/plot/dial/DialPlot.java,      55
./java/org/jfree/chart/plot/dial/DialPointer.java,      47
./java/org/jfree/chart/plot/dial/DialScale.java,       4
./java/org/jfree/chart/plot/dial/DialTextAnnotation.java,      29
./java/org/jfree/chart/plot/dial/DialValueIndicator.java,      58
./java/org/jfree/chart/plot/dial/StandardDialFrame.java,      24
./java/org/jfree/chart/plot/dial/StandardDialRange.java,      31
./java/org/jfree/chart/plot/dial/StandardDialScale.java,      71
./java/org/jfree/chart/plot/DialShape.java,      12
./java/org/jfree/chart/plot/DrawingSupplier.java,       8
./java/org/jfree/chart/plot/FastScatterPlot.java,      69
./java/org/jfree/chart/plot/IntervalMarker.java,      17
./java/org/jfree/chart/plot/Marker.java,      54
./java/org/jfree/chart/plot/MeterInterval.java,      18
./java/org/jfree/chart/plot/MeterPlot.java,      85
./java/org/jfree/chart/plot/MultiplePiePlot.java,      35
./java/org/jfree/chart/plot/Pannable.java,       7
./java/org/jfree/chart/plot/PieLabelDistributor.java,      12
./java/org/jfree/chart/plot/PieLabelLinkStyle.java,      11
./java/org/jfree/chart/plot/PieLabelRecord.java,      26
./java/org/jfree/chart/plot/PiePlot.java,     196
./java/org/jfree/chart/plot/PiePlot3D.java,      17
./java/org/jfree/chart/plot/PiePlotState.java,      33
./java/org/jfree/chart/plot/Plot.java,     103
./java/org/jfree/chart/plot/PlotOrientation.java,      13
./java/org/jfree/chart/plot/PlotRenderingInfo.java,      21
./java/org/jfree/chart/plot/PlotState.java,       5
./java/org/jfree/chart/plot/PolarAxisLocation.java,      16
./java/org/jfree/chart/plot/PolarPlot.java,     125
./java/org/jfree/chart/plot/RingPlot.java,      44
./java/org/jfree/chart/plot/SeriesRenderingOrder.java,      11
./java/org/jfree/chart/plot/SpiderWebPlot.java,     109
./java/org/jfree/chart/plot/ThermometerPlot.java,     125
./java/org/jfree/chart/plot/ValueAxisPlot.java,       3
./java/org/jfree/chart/plot/ValueMarker.java,       9
./java/org/jfree/chart/plot/WaferMapPlot.java,      25
./java/org/jfree/chart/plot/XYCrosshairState.java,       3
./java/org/jfree/chart/plot/XYPlot.java,     292
./java/org/jfree/chart/plot/Zoomable.java,      11
./java/org/jfree/chart/PolarChartPanel.java,      12
./java/org/jfree/chart/renderer/AbstractRenderer.java,     217
./java/org/jfree/chart/renderer/AreaRendererEndType.java,      11
./java/org/jfree/chart/renderer/category/AbstractCategoryItemRenderer.java,      74
./java/org/jfree/chart/renderer/category/AreaRenderer.java,      11
./java/org/jfree/chart/renderer/category/BarPainter.java,       4
./java/org/jfree/chart/renderer/category/BarRenderer.java,      72
./java/org/jfree/chart/renderer/category/BoxAndWhiskerRenderer.java,      41
./java/org/jfree/chart/renderer/category/CategoryItemRenderer.java,     110
./java/org/jfree/chart/renderer/category/CategoryItemRendererState.java,      17
./java/org/jfree/chart/renderer/category/CategoryStepRenderer.java,      17
./java/org/jfree/chart/renderer/category/DefaultCategoryItemRenderer.java,       3
./java/org/jfree/chart/renderer/category/GanttRenderer.java,      23
./java/org/jfree/chart/renderer/category/GradientBarPainter.java,      15
./java/org/jfree/chart/renderer/category/GroupedStackedBarRenderer.java,      11
./java/org/jfree/chart/renderer/category/IntervalBarRenderer.java,       8
./java/org/jfree/chart/renderer/category/LayeredBarRenderer.java,      11
./java/org/jfree/chart/renderer/category/LevelRenderer.java,      19
./java/org/jfree/chart/renderer/category/LineAndShapeRenderer.java,      49
./java/org/jfree/chart/renderer/category/MinMaxCategoryRenderer.java,      31
./java/org/jfree/chart/renderer/category/ScatterRenderer.java,      33
./java/org/jfree/chart/renderer/category/StackedAreaRenderer.java,      15
./java/org/jfree/chart/renderer/category/StackedBarRenderer.java,      13
./java/org/jfree/chart/renderer/category/StandardBarPainter.java,       8
./java/org/jfree/chart/renderer/category/StatisticalBarRenderer.java,      17
./java/org/jfree/chart/renderer/category/StatisticalLineAndShapeRenderer.java,      17
./java/org/jfree/chart/renderer/category/WaterfallBarRenderer.java,      22
./java/org/jfree/chart/renderer/DefaultPolarItemRenderer.java,      55
./java/org/jfree/chart/renderer/GrayPaintScale.java,      15
./java/org/jfree/chart/renderer/LookupPaintScale.java,      27
./java/org/jfree/chart/renderer/NotOutlierException.java,       3
./java/org/jfree/chart/renderer/Outlier.java,      15
./java/org/jfree/chart/renderer/OutlierList.java,      14
./java/org/jfree/chart/renderer/OutlierListCollection.java,      13
./java/org/jfree/chart/renderer/PaintScale.java,       5
./java/org/jfree/chart/renderer/PolarItemRenderer.java,      17
./java/org/jfree/chart/renderer/RendererState.java,       9
./java/org/jfree/chart/renderer/RendererUtils.java,       5
./java/org/jfree/chart/renderer/WaferMapRenderer.java,      24
./java/org/jfree/chart/renderer/xy/AbstractXYItemRenderer.java,      67
./java/org/jfree/chart/renderer/xy/CandlestickRenderer.java,      48
./java/org/jfree/chart/renderer/xy/ClusteredXYBarRenderer.java,      12
./java/org/jfree/chart/renderer/xy/CyclicXYItemRenderer.java,      25
./java/org/jfree/chart/renderer/xy/DefaultXYItemRenderer.java,       3
./java/org/jfree/chart/renderer/xy/DeviationRenderer.java,      19
./java/org/jfree/chart/renderer/xy/GradientXYBarPainter.java,      14
./java/org/jfree/chart/renderer/xy/HighLowRenderer.java,      25
./java/org/jfree/chart/renderer/xy/SamplingXYLineRenderer.java,      23
./java/org/jfree/chart/renderer/xy/StackedXYAreaRenderer.java,      34
./java/org/jfree/chart/renderer/xy/StackedXYAreaRenderer2.java,      16
./java/org/jfree/chart/renderer/xy/StackedXYBarRenderer.java,      14
./java/org/jfree/chart/renderer/xy/StandardXYBarPainter.java,       8
./java/org/jfree/chart/renderer/xy/StandardXYItemRenderer.java,      62
./java/org/jfree/chart/renderer/xy/VectorRenderer.java,      10
./java/org/jfree/chart/renderer/xy/WindItemRenderer.java,       6
./java/org/jfree/chart/renderer/xy/XYAreaRenderer.java,      41
./java/org/jfree/chart/renderer/xy/XYAreaRenderer2.java,      17
./java/org/jfree/chart/renderer/xy/XYBarPainter.java,       4
./java/org/jfree/chart/renderer/xy/XYBarRenderer.java,      67
./java/org/jfree/chart/renderer/xy/XYBlockRenderer.java,      23
./java/org/jfree/chart/renderer/xy/XYBoxAndWhiskerRenderer.java,      31
./java/org/jfree/chart/renderer/xy/XYBubbleRenderer.java,      14
./java/org/jfree/chart/renderer/xy/XYDifferenceRenderer.java,      33
./java/org/jfree/chart/renderer/xy/XYDotRenderer.java,      19
./java/org/jfree/chart/renderer/xy/XYErrorRenderer.java,      25
./java/org/jfree/chart/renderer/xy/XYItemRenderer.java,     114
./java/org/jfree/chart/renderer/xy/XYItemRendererState.java,      13
./java/org/jfree/chart/renderer/xy/XYLineAndShapeRenderer.java,      65
./java/org/jfree/chart/renderer/xy/XYShapeRenderer.java,      35
./java/org/jfree/chart/renderer/xy/XYSplineRenderer.java,      23
./java/org/jfree/chart/renderer/xy/XYStepAreaRenderer.java,      33
./java/org/jfree/chart/renderer/xy/XYStepRenderer.java,      13
./java/org/jfree/chart/renderer/xy/YIntervalRenderer.java,      12
./java/org/jfree/chart/resources/JFreeChartResources.java,       4
./java/org/jfree/chart/servlet/ChartDeleter.java,       8
./java/org/jfree/chart/servlet/DisplayChart.java,       5
./java/org/jfree/chart/servlet/ServletUtilities.java,      18
./java/org/jfree/chart/StandardChartTheme.java,     126
./java/org/jfree/chart/StrokeMap.java,      13
./java/org/jfree/chart/text/AttributedStringUtils.java,       4
./java/org/jfree/chart/text/G2TextMeasurer.java,       5
./java/org/jfree/chart/text/package-info.java,       1
./java/org/jfree/chart/text/TextBlock.java,      19
./java/org/jfree/chart/text/TextBlockAnchor.java,      18
./java/org/jfree/chart/text/TextBox.java,      36
./java/org/jfree/chart/text/TextFragment.java,      24
./java/org/jfree/chart/text/TextLine.java,      17
./java/org/jfree/chart/text/TextMeasurer.java,       3
./java/org/jfree/chart/text/TextUtils.java,      28
./java/org/jfree/chart/title/CompositeTitle.java,      17
./java/org/jfree/chart/title/DateTitle.java,       8
./java/org/jfree/chart/title/ImageTitle.java,      14
./java/org/jfree/chart/title/LegendGraphic.java,      55
./java/org/jfree/chart/title/LegendItemBlockContainer.java,      17
./java/org/jfree/chart/title/LegendTitle.java,      52
./java/org/jfree/chart/title/PaintScaleLegend.java,      42
./java/org/jfree/chart/title/ShortTextTitle.java,       9
./java/org/jfree/chart/title/TextTitle.java,      51
./java/org/jfree/chart/title/Title.java,      35
./java/org/jfree/chart/ui/Align.java,      24
./java/org/jfree/chart/ui/ApplicationFrame.java,      10
./java/org/jfree/chart/ui/Drawable.java,       3
./java/org/jfree/chart/ui/FontChooserPanel.java,      14
./java/org/jfree/chart/ui/FontDisplayField.java,       8
./java/org/jfree/chart/ui/GradientPaintTransformer.java,       3
./java/org/jfree/chart/ui/GradientPaintTransformType.java,      13
./java/org/jfree/chart/ui/HorizontalAlignment.java,      12
./java/org/jfree/chart/ui/Layer.java,       7
./java/org/jfree/chart/ui/LCBLayout.java,      17
./java/org/jfree/chart/ui/LengthAdjustmentType.java,      12
./java/org/jfree/chart/ui/NumberCellRenderer.java,       4
./java/org/jfree/chart/ui/PaintSample.java,       9
./java/org/jfree/chart/ui/RectangleAnchor.java,      16
./java/org/jfree/chart/ui/RectangleEdge.java,      17
./java/org/jfree/chart/ui/RectangleInsets.java,      38
./java/org/jfree/chart/ui/Size2D.java,      14
./java/org/jfree/chart/ui/StandardGradientPaintTransformer.java,      11
./java/org/jfree/chart/ui/StrokeChooserPanel.java,       6
./java/org/jfree/chart/ui/StrokeSample.java,      10
./java/org/jfree/chart/ui/TextAnchor.java,      32
./java/org/jfree/chart/ui/UIUtils.java,      11
./java/org/jfree/chart/ui/VerticalAlignment.java,      12
./java/org/jfree/chart/urls/CategoryURLGenerator.java,       3
./java/org/jfree/chart/urls/CustomCategoryURLGenerator.java,      11
./java/org/jfree/chart/urls/CustomPieURLGenerator.java,      12
./java/org/jfree/chart/urls/CustomXYURLGenerator.java,      12
./java/org/jfree/chart/urls/PieURLGenerator.java,       3
./java/org/jfree/chart/urls/StandardCategoryURLGenerator.java,      13
./java/org/jfree/chart/urls/StandardPieURLGenerator.java,      12
./java/org/jfree/chart/urls/StandardXYURLGenerator.java,      14
./java/org/jfree/chart/urls/StandardXYZURLGenerator.java,       3
./java/org/jfree/chart/urls/TimeSeriesURLGenerator.java,      15
./java/org/jfree/chart/urls/URLUtilities.java,       4
./java/org/jfree/chart/urls/XYURLGenerator.java,       3
./java/org/jfree/chart/urls/XYZURLGenerator.java,       3
./java/org/jfree/chart/util/AbstractObjectList.java,      20
./java/org/jfree/chart/util/Args.java,       5
./java/org/jfree/chart/util/ArrayUtils.java,       8
./java/org/jfree/chart/util/AttrStringUtils.java,       8
./java/org/jfree/chart/util/BooleanList.java,       8
./java/org/jfree/chart/util/CloneUtils.java,       4
./java/org/jfree/chart/util/DefaultShadowGenerator.java,      20
./java/org/jfree/chart/util/DirectionalGradientPaintTransformer.java,       4
./java/org/jfree/chart/util/ExportUtils.java,       8
./java/org/jfree/chart/util/HexNumberFormat.java,      14
./java/org/jfree/chart/util/HMSNumberFormat.java,       6
./java/org/jfree/chart/util/LineUtils.java,       4
./java/org/jfree/chart/util/LogFormat.java,      19
./java/org/jfree/chart/util/ObjectList.java,       7
./java/org/jfree/chart/util/ObjectUtils.java,       7
./java/org/jfree/chart/util/PaintAlpha.java,      27
./java/org/jfree/chart/util/PaintList.java,       9
./java/org/jfree/chart/util/PaintUtils.java,       6
./java/org/jfree/chart/util/PublicCloneable.java,       3
./java/org/jfree/chart/util/RelativeDateFormat.java,      44
./java/org/jfree/chart/util/ResourceBundleWrapper.java,       8
./java/org/jfree/chart/util/Rotation.java,       9
./java/org/jfree/chart/util/SerialUtils.java,      16
./java/org/jfree/chart/util/ShadowGenerator.java,       5
./java/org/jfree/chart/util/ShapeList.java,      10
./java/org/jfree/chart/util/ShapeUtils.java,      25
./java/org/jfree/chart/util/SortOrder.java,       7
./java/org/jfree/chart/util/StringUtils.java,       6
./java/org/jfree/chart/util/StrokeList.java,      10
./java/org/jfree/chart/util/TableOrder.java,       7
./java/org/jfree/chart/util/UnitType.java,       7
./java/org/jfree/chart/util/XYCoordinateType.java,      10
./java/org/jfree/data/category/CategoryDataset.java,       2
./java/org/jfree/data/category/CategoryRangeInfo.java,       3
./java/org/jfree/data/category/CategoryToPieDataset.java,      18
./java/org/jfree/data/category/DefaultCategoryDataset.java,      29
./java/org/jfree/data/category/DefaultIntervalCategoryDataset.java,      38
./java/org/jfree/data/category/IntervalCategoryDataset.java,       6
./java/org/jfree/data/category/SlidingCategoryDataset.java,      24
./java/org/jfree/data/ComparableObjectItem.java,      13
./java/org/jfree/data/ComparableObjectSeries.java,      26
./java/org/jfree/data/DataUtils.java,      11
./java/org/jfree/data/DefaultKeyedValue.java,      13
./java/org/jfree/data/DefaultKeyedValues.java,      28
./java/org/jfree/data/DefaultKeyedValues2D.java,      30
./java/org/jfree/data/DomainInfo.java,       5
./java/org/jfree/data/DomainOrder.java,      12
./java/org/jfree/data/function/Function2D.java,       3
./java/org/jfree/data/function/LineFunction2D.java,      10
./java/org/jfree/data/function/NormalDistributionFunction2D.java,      12
./java/org/jfree/data/function/PolynomialFunction2D.java,       9
./java/org/jfree/data/function/PowerFunction2D.java,      10
./java/org/jfree/data/gantt/GanttCategoryDataset.java,      12
./java/org/jfree/data/gantt/SlidingGanttCategoryDataset.java,      38
./java/org/jfree/data/gantt/Task.java,      22
./java/org/jfree/data/gantt/TaskSeries.java,      13
./java/org/jfree/data/gantt/TaskSeriesCollection.java,      42
./java/org/jfree/data/gantt/XYTaskDataset.java,      29
./java/org/jfree/data/general/AbstractDataset.java,      20
./java/org/jfree/data/general/AbstractSeriesDataset.java,       8
./java/org/jfree/data/general/Dataset.java,       6
./java/org/jfree/data/general/DatasetChangeEvent.java,       5
./java/org/jfree/data/general/DatasetChangeListener.java,       3
./java/org/jfree/data/general/DatasetGroup.java,       9
./java/org/jfree/data/general/DatasetUtils.java,      60
./java/org/jfree/data/general/DefaultHeatMapDataset.java,      24
./java/org/jfree/data/general/DefaultKeyedValueDataset.java,      14
./java/org/jfree/data/general/DefaultKeyedValues2DDataset.java,       3
./java/org/jfree/data/general/DefaultKeyedValuesDataset.java,       3
./java/org/jfree/data/general/DefaultPieDataset.java,      23
./java/org/jfree/data/general/DefaultValueDataset.java,      11
./java/org/jfree/data/general/HeatMapDataset.java,      12
./java/org/jfree/data/general/HeatMapUtils.java,       5
./java/org/jfree/data/general/KeyedValueDataset.java,       2
./java/org/jfree/data/general/KeyedValues2DDataset.java,       2
./java/org/jfree/data/general/KeyedValuesDataset.java,       2
./java/org/jfree/data/general/PieDataset.java,       2
./java/org/jfree/data/general/Series.java,      32
./java/org/jfree/data/general/SeriesChangeEvent.java,       4
./java/org/jfree/data/general/SeriesChangeListener.java,       3
./java/org/jfree/data/general/SeriesDataset.java,       5
./java/org/jfree/data/general/SeriesException.java,       4
./java/org/jfree/data/general/ValueDataset.java,       2
./java/org/jfree/data/general/WaferMapDataset.java,      28
./java/org/jfree/data/io/CSV.java,      10
./java/org/jfree/data/ItemKey.java,       3
./java/org/jfree/data/jdbc/JDBCCategoryDataset.java,      12
./java/org/jfree/data/jdbc/JDBCPieDataset.java,      10
./java/org/jfree/data/jdbc/JDBCXYDataset.java,      26
./java/org/jfree/data/json/impl/JSONArray.java,       7
./java/org/jfree/data/json/impl/JSONAware.java,       3
./java/org/jfree/data/json/impl/JSONObject.java,       9
./java/org/jfree/data/json/impl/JSONStreamAware.java,       3
./java/org/jfree/data/json/impl/JSONValue.java,      10
./java/org/jfree/data/json/impl/package-info.java,       1
./java/org/jfree/data/json/JSONUtils.java,       6
./java/org/jfree/data/json/package-info.java,       1
./java/org/jfree/data/KeyedObject.java,      11
./java/org/jfree/data/KeyedObjects.java,      20
./java/org/jfree/data/KeyedObjects2D.java,      28
./java/org/jfree/data/KeyedValue.java,       3
./java/org/jfree/data/KeyedValueComparator.java,       8
./java/org/jfree/data/KeyedValueComparatorType.java,       9
./java/org/jfree/data/KeyedValues.java,       6
./java/org/jfree/data/KeyedValues2D.java,       9
./java/org/jfree/data/KeyedValues2DItemKey.java,       8
./java/org/jfree/data/KeyedValuesItemKey.java,       5
./java/org/jfree/data/KeyToGroupMap.java,      18
./java/org/jfree/data/Range.java,      27
./java/org/jfree/data/RangeInfo.java,       5
./java/org/jfree/data/RangeType.java,      12
./java/org/jfree/data/resources/DataPackageResources.java,       4
./java/org/jfree/data/resources/DataPackageResources_de.java,       4
./java/org/jfree/data/resources/DataPackageResources_es.java,       4
./java/org/jfree/data/resources/DataPackageResources_fr.java,       4
./java/org/jfree/data/resources/DataPackageResources_pl.java,       4
./java/org/jfree/data/resources/DataPackageResources_ru.java,       4
./java/org/jfree/data/statistics/BoxAndWhiskerCalculator.java,       6
./java/org/jfree/data/statistics/BoxAndWhiskerCategoryDataset.java,      20
./java/org/jfree/data/statistics/BoxAndWhiskerItem.java,      25
./java/org/jfree/data/statistics/BoxAndWhiskerXYDataset.java,      13
./java/org/jfree/data/statistics/DefaultBoxAndWhiskerCategoryDataset.java,      53
./java/org/jfree/data/statistics/DefaultBoxAndWhiskerXYDataset.java,      37
./java/org/jfree/data/statistics/DefaultMultiValueCategoryDataset.java,      25
./java/org/jfree/data/statistics/DefaultStatisticalCategoryDataset.java,      44
./java/org/jfree/data/statistics/HistogramBin.java,      14
./java/org/jfree/data/statistics/HistogramDataset.java,      26
./java/org/jfree/data/statistics/HistogramType.java,      12
./java/org/jfree/data/statistics/MeanAndStandardDeviation.java,      13
./java/org/jfree/data/statistics/MultiValueCategoryDataset.java,       4
./java/org/jfree/data/statistics/Regression.java,       8
./java/org/jfree/data/statistics/SimpleHistogramBin.java,      19
./java/org/jfree/data/statistics/SimpleHistogramDataset.java,      33
./java/org/jfree/data/statistics/StatisticalCategoryDataset.java,       6
./java/org/jfree/data/statistics/Statistics.java,      15
./java/org/jfree/data/time/DateRange.java,      14
./java/org/jfree/data/time/Day.java,      32
./java/org/jfree/data/time/DynamicTimeSeriesCollection.java,      76
./java/org/jfree/data/time/FixedMillisecond.java,      21
./java/org/jfree/data/time/Hour.java,      32
./java/org/jfree/data/time/Millisecond.java,      29
./java/org/jfree/data/time/Minute.java,      31
./java/org/jfree/data/time/Month.java,      30
./java/org/jfree/data/time/MovingAverage.java,       8
./java/org/jfree/data/time/ohlc/OHLC.java,      13
./java/org/jfree/data/time/ohlc/OHLCItem.java,       9
./java/org/jfree/data/time/ohlc/OHLCSeries.java,       8
./java/org/jfree/data/time/ohlc/OHLCSeriesCollection.java,      31
./java/org/jfree/data/time/Quarter.java,      32
./java/org/jfree/data/time/RegularTimePeriod.java,      18
./java/org/jfree/data/time/Second.java,      29
./java/org/jfree/data/time/SimpleTimePeriod.java,      14
./java/org/jfree/data/time/TimePeriod.java,       4
./java/org/jfree/data/time/TimePeriodAnchor.java,      12
./java/org/jfree/data/time/TimePeriodFormatException.java,       3
./java/org/jfree/data/time/TimePeriodValue.java,      14
./java/org/jfree/data/time/TimePeriodValues.java,      41
./java/org/jfree/data/time/TimePeriodValuesCollection.java,      27
./java/org/jfree/data/time/TimeSeries.java,      71
./java/org/jfree/data/time/TimeSeriesCollection.java,      44
./java/org/jfree/data/time/TimeSeriesDataItem.java,      14
./java/org/jfree/data/time/TimeSeriesTableModel.java,      17
./java/org/jfree/data/time/TimeTableXYDataset.java,      38
./java/org/jfree/data/time/Week.java,      33
./java/org/jfree/data/time/Year.java,      26
./java/org/jfree/data/UnknownKeyException.java,       3
./java/org/jfree/data/Value.java,       3
./java/org/jfree/data/Values.java,       4
./java/org/jfree/data/Values2D.java,       5
./java/org/jfree/data/xml/CategoryDatasetHandler.java,       8
./java/org/jfree/data/xml/CategorySeriesHandler.java,      10
./java/org/jfree/data/xml/DatasetReader.java,       6
./java/org/jfree/data/xml/DatasetTags.java,       8
./java/org/jfree/data/xml/ItemHandler.java,      13
./java/org/jfree/data/xml/KeyHandler.java,      12
./java/org/jfree/data/xml/PieDatasetHandler.java,       8
./java/org/jfree/data/xml/RootHandler.java,       9
./java/org/jfree/data/xml/ValueHandler.java,      11
./java/org/jfree/data/xy/AbstractIntervalXYDataset.java,       6
./java/org/jfree/data/xy/AbstractXYDataset.java,       5
./java/org/jfree/data/xy/AbstractXYZDataset.java,       3
./java/org/jfree/data/xy/CategoryTableXYDataset.java,      31
./java/org/jfree/data/xy/DefaultHighLowDataset.java,      28
./java/org/jfree/data/xy/DefaultIntervalXYDataset.java,      24
./java/org/jfree/data/xy/DefaultOHLCDataset.java,      24
./java/org/jfree/data/xy/DefaultTableXYDataset.java,      43
./java/org/jfree/data/xy/DefaultWindDataset.java,      27
./java/org/jfree/data/xy/DefaultXYDataset.java,      19
./java/org/jfree/data/xy/DefaultXYZDataset.java,      21
./java/org/jfree/data/xy/IntervalXYDataset.java,      10
./java/org/jfree/data/xy/IntervalXYDelegate.java,      30
./java/org/jfree/data/xy/IntervalXYZDataset.java,       8
./java/org/jfree/data/xy/MatrixSeries.java,      15
./java/org/jfree/data/xy/MatrixSeriesCollection.java,      20
./java/org/jfree/data/xy/NormalizedMatrixSeries.java,      12
./java/org/jfree/data/xy/OHLCDataItem.java,      18
./java/org/jfree/data/xy/OHLCDataset.java,      12
./java/org/jfree/data/xy/TableXYDataset.java,       3
./java/org/jfree/data/xy/Vector.java,      11
./java/org/jfree/data/xy/VectorDataItem.java,       8
./java/org/jfree/data/xy/VectorSeries.java,      12
./java/org/jfree/data/xy/VectorSeriesCollection.java,      21
./java/org/jfree/data/xy/VectorXYDataset.java,       5
./java/org/jfree/data/xy/WindDataset.java,       4
./java/org/jfree/data/xy/XIntervalDataItem.java,       7
./java/org/jfree/data/xy/XIntervalSeries.java,      11
./java/org/jfree/data/xy/XIntervalSeriesCollection.java,      23
./java/org/jfree/data/xy/XisSymbolic.java,       5
./java/org/jfree/data/xy/XYBarDataset.java,      26
./java/org/jfree/data/xy/XYCoordinate.java,      12
./java/org/jfree/data/xy/XYDataItem.java,      18
./java/org/jfree/data/xy/XYDataset.java,       8
./java/org/jfree/data/xy/XYDatasetTableModel.java,      14
./java/org/jfree/data/xy/XYDomainInfo.java,       3
./java/org/jfree/data/xy/XYInterval.java,      14
./java/org/jfree/data/xy/XYIntervalDataItem.java,       9
./java/org/jfree/data/xy/XYIntervalSeries.java,      13
./java/org/jfree/data/xy/XYIntervalSeriesCollection.java,      25
./java/org/jfree/data/xy/XYItemKey.java,       8
./java/org/jfree/data/xy/XYRangeInfo.java,       3
./java/org/jfree/data/xy/XYSeries.java,      56
./java/org/jfree/data/xy/XYSeriesCollection.java,      42
./java/org/jfree/data/xy/XYZDataset.java,       4
./java/org/jfree/data/xy/YInterval.java,      10
./java/org/jfree/data/xy/YIntervalDataItem.java,       7
./java/org/jfree/data/xy/YIntervalSeries.java,      11
./java/org/jfree/data/xy/YIntervalSeriesCollection.java,      23
./java/org/jfree/data/xy/YisSymbolic.java,       5
./java/org/jfree/data/xy/YWithXInterval.java,      10
