./java/org/jfree/chart/annotations/AbstractAnnotation.java,     225
./java/org/jfree/chart/annotations/AbstractXYAnnotation.java,     211
./java/org/jfree/chart/annotations/Annotation.java,      69
./java/org/jfree/chart/annotations/CategoryAnnotation.java,      72
./java/org/jfree/chart/annotations/CategoryLineAnnotation.java,     428
./java/org/jfree/chart/annotations/CategoryPointerAnnotation.java,     544
./java/org/jfree/chart/annotations/CategoryTextAnnotation.java,     285
./java/org/jfree/chart/annotations/TextAnnotation.java,     369
./java/org/jfree/chart/annotations/XYAnnotation.java,      81
./java/org/jfree/chart/annotations/XYAnnotationBoundsInfo.java,      77
./java/org/jfree/chart/annotations/XYBoxAnnotation.java,     313
./java/org/jfree/chart/annotations/XYDataImageAnnotation.java,     381
./java/org/jfree/chart/annotations/XYDrawableAnnotation.java,     262
./java/org/jfree/chart/annotations/XYImageAnnotation.java,     322
./java/org/jfree/chart/annotations/XYLineAnnotation.java,     315
./java/org/jfree/chart/annotations/XYPointerAnnotation.java,     564
./java/org/jfree/chart/annotations/XYPolygonAnnotation.java,     363
./java/org/jfree/chart/annotations/XYShapeAnnotation.java,     316
./java/org/jfree/chart/annotations/XYTextAnnotation.java,     683
./java/org/jfree/chart/annotations/XYTitleAnnotation.java,     400
./java/org/jfree/chart/axis/Axis.java,    1720
./java/org/jfree/chart/axis/AxisCollection.java,     141
./java/org/jfree/chart/axis/AxisLabelLocation.java,     146
./java/org/jfree/chart/axis/AxisLocation.java,     197
./java/org/jfree/chart/axis/AxisSpace.java,     381
./java/org/jfree/chart/axis/AxisState.java,     192
./java/org/jfree/chart/axis/CategoryAnchor.java,     132
./java/org/jfree/chart/axis/CategoryAxis.java,    1523
./java/org/jfree/chart/axis/CategoryLabelPosition.java,     265
./java/org/jfree/chart/axis/CategoryLabelPositions.java,     408
./java/org/jfree/chart/axis/CategoryLabelWidthType.java,     127
./java/org/jfree/chart/axis/CategoryTick.java,     153
./java/org/jfree/chart/axis/CompassFormat.java,     161
./java/org/jfree/chart/axis/CyclicNumberAxis.java,    1184
./java/org/jfree/chart/axis/DateAxis.java,    1930
./java/org/jfree/chart/axis/DateTick.java,     139
./java/org/jfree/chart/axis/DateTickMarkPosition.java,     135
./java/org/jfree/chart/axis/DateTickUnit.java,     387
./java/org/jfree/chart/axis/DateTickUnitType.java,     176
./java/org/jfree/chart/axis/ExtendedCategoryAxis.java,     259
./java/org/jfree/chart/axis/LogarithmicAxis.java,    1091
./java/org/jfree/chart/axis/LogAxis.java,    1094
./java/org/jfree/chart/axis/LogTick.java,      78
./java/org/jfree/chart/axis/MarkerAxisBand.java,     276
./java/org/jfree/chart/axis/ModuloAxis.java,     437
./java/org/jfree/chart/axis/MonthDateFormat.java,     254
./java/org/jfree/chart/axis/NumberAxis.java,    1194
./java/org/jfree/chart/axis/NumberTick.java,     104
./java/org/jfree/chart/axis/NumberTickUnit.java,     166
./java/org/jfree/chart/axis/NumberTickUnitSource.java,     240
./java/org/jfree/chart/axis/PeriodAxis.java,    1212
./java/org/jfree/chart/axis/PeriodAxisLabelInfo.java,     367
./java/org/jfree/chart/axis/QuarterDateFormat.java,     210
./java/org/jfree/chart/axis/StandardTickUnitSource.java,     135
./java/org/jfree/chart/axis/SubCategoryAxis.java,     454
./java/org/jfree/chart/axis/SymbolAxis.java,     798
./java/org/jfree/chart/axis/Tick.java,     183
./java/org/jfree/chart/axis/TickType.java,     123
./java/org/jfree/chart/axis/TickUnit.java,     200
./java/org/jfree/chart/axis/TickUnits.java,     211
./java/org/jfree/chart/axis/TickUnitSource.java,      80
./java/org/jfree/chart/axis/Timeline.java,     144
./java/org/jfree/chart/axis/ValueAxis.java,    1770
./java/org/jfree/chart/axis/ValueTick.java,     148
./java/org/jfree/chart/block/AbstractBlock.java,     634
./java/org/jfree/chart/block/Arrangement.java,      84
./java/org/jfree/chart/block/Block.java,     120
./java/org/jfree/chart/block/BlockBorder.java,     243
./java/org/jfree/chart/block/BlockContainer.java,     284
./java/org/jfree/chart/block/BlockFrame.java,      72
./java/org/jfree/chart/block/BlockParams.java,     138
./java/org/jfree/chart/block/BlockResult.java,      80
./java/org/jfree/chart/block/BorderArrangement.java,     537
./java/org/jfree/chart/block/CenterArrangement.java,     332
./java/org/jfree/chart/block/ColorBlock.java,     190
./java/org/jfree/chart/block/ColumnArrangement.java,     391
./java/org/jfree/chart/block/EmptyBlock.java,     131
./java/org/jfree/chart/block/EntityBlockParams.java,      58
./java/org/jfree/chart/block/EntityBlockResult.java,      58
./java/org/jfree/chart/block/FlowArrangement.java,     450
./java/org/jfree/chart/block/GridArrangement.java,     452
./java/org/jfree/chart/block/LabelBlock.java,     449
./java/org/jfree/chart/block/LengthConstraintType.java,     141
./java/org/jfree/chart/block/LineBorder.java,     242
./java/org/jfree/chart/block/RectangleConstraint.java,     359
./java/org/jfree/chart/ChartColor.java,     189
./java/org/jfree/chart/ChartFactory.java,    2302
./java/org/jfree/chart/ChartFrame.java,      96
./java/org/jfree/chart/ChartHints.java,     109
./java/org/jfree/chart/ChartMouseEvent.java,     118
./java/org/jfree/chart/ChartMouseListener.java,      73
./java/org/jfree/chart/ChartPanel.java,    3323
./java/org/jfree/chart/ChartRenderingInfo.java,     257
./java/org/jfree/chart/ChartTheme.java,      61
./java/org/jfree/chart/ChartTransferable.java,     277
./java/org/jfree/chart/ChartUtils.java,     733
./java/org/jfree/chart/date/MonthConstants.java,      70
./java/org/jfree/chart/date/package-info.java,       4
./java/org/jfree/chart/date/SerialDate.java,     967
./java/org/jfree/chart/date/SpreadsheetDate.java,     441
./java/org/jfree/chart/demo/BarChartDemo1.java,     143
./java/org/jfree/chart/demo/PieChartDemo1.java,     225
./java/org/jfree/chart/demo/TimeSeriesChartDemo1.java,     218
./java/org/jfree/chart/editor/ChartEditor.java,      62
./java/org/jfree/chart/editor/ChartEditorFactory.java,      59
./java/org/jfree/chart/editor/ChartEditorManager.java,      94
./java/org/jfree/chart/editor/DefaultAxisEditor.java,     525
./java/org/jfree/chart/editor/DefaultChartEditor.java,     277
./java/org/jfree/chart/editor/DefaultChartEditorFactory.java,      68
./java/org/jfree/chart/editor/DefaultLogAxisEditor.java,     169
./java/org/jfree/chart/editor/DefaultNumberAxisEditor.java,     180
./java/org/jfree/chart/editor/DefaultPlotEditor.java,     633
./java/org/jfree/chart/editor/DefaultPolarPlotEditor.java,     216
./java/org/jfree/chart/editor/DefaultTitleEditor.java,     304
./java/org/jfree/chart/editor/DefaultValueAxisEditor.java,     421
./java/org/jfree/chart/encoders/EncoderUtil.java,     190
./java/org/jfree/chart/encoders/ImageEncoder.java,     105
./java/org/jfree/chart/encoders/ImageEncoderFactory.java,     155
./java/org/jfree/chart/encoders/ImageFormat.java,      58
./java/org/jfree/chart/encoders/SunJPEGEncoderAdapter.java,     180
./java/org/jfree/chart/encoders/SunPNGEncoderAdapter.java,     134
./java/org/jfree/chart/entity/AxisEntity.java,     214
./java/org/jfree/chart/entity/CategoryItemEntity.java,     228
./java/org/jfree/chart/entity/CategoryLabelEntity.java,     132
./java/org/jfree/chart/entity/ChartEntity.java,     436
./java/org/jfree/chart/entity/EntityCollection.java,     118
./java/org/jfree/chart/entity/JFreeChartEntity.java,     214
./java/org/jfree/chart/entity/LegendItemEntity.java,     192
./java/org/jfree/chart/entity/PieSectionEntity.java,     255
./java/org/jfree/chart/entity/PlotEntity.java,     214
./java/org/jfree/chart/entity/StandardEntityCollection.java,     214
./java/org/jfree/chart/entity/TickLabelEntity.java,      67
./java/org/jfree/chart/entity/TitleEntity.java,     213
./java/org/jfree/chart/entity/XYAnnotationEntity.java,     116
./java/org/jfree/chart/entity/XYItemEntity.java,     185
./java/org/jfree/chart/event/AnnotationChangeEvent.java,      83
./java/org/jfree/chart/event/AnnotationChangeListener.java,      64
./java/org/jfree/chart/event/AxisChangeEvent.java,      73
./java/org/jfree/chart/event/AxisChangeListener.java,      66
./java/org/jfree/chart/event/ChartChangeEvent.java,     134
./java/org/jfree/chart/event/ChartChangeEventType.java,     141
./java/org/jfree/chart/event/ChartChangeListener.java,      65
./java/org/jfree/chart/event/ChartProgressEvent.java,     137
./java/org/jfree/chart/event/ChartProgressListener.java,      58
./java/org/jfree/chart/event/MarkerChangeEvent.java,      80
./java/org/jfree/chart/event/MarkerChangeListener.java,      64
./java/org/jfree/chart/event/OverlayChangeEvent.java,      62
./java/org/jfree/chart/event/OverlayChangeListener.java,      60
./java/org/jfree/chart/event/PlotChangeEvent.java,      77
./java/org/jfree/chart/event/PlotChangeListener.java,      62
./java/org/jfree/chart/event/RendererChangeEvent.java,     108
./java/org/jfree/chart/event/RendererChangeListener.java,      59
./java/org/jfree/chart/event/TitleChangeEvent.java,      77
./java/org/jfree/chart/event/TitleChangeListener.java,      62
./java/org/jfree/chart/HashUtils.java,     346
./java/org/jfree/chart/imagemap/DynamicDriveToolTipTagFragmentGenerator.java,      94
./java/org/jfree/chart/imagemap/ImageMapUtils.java,     275
./java/org/jfree/chart/imagemap/OverLIBToolTipTagFragmentGenerator.java,      74
./java/org/jfree/chart/imagemap/StandardToolTipTagFragmentGenerator.java,      70
./java/org/jfree/chart/imagemap/StandardURLTagFragmentGenerator.java,      71
./java/org/jfree/chart/imagemap/ToolTipTagFragmentGenerator.java,      65
./java/org/jfree/chart/imagemap/URLTagFragmentGenerator.java,      67
./java/org/jfree/chart/JFreeChart.java,    1770
./java/org/jfree/chart/labels/AbstractCategoryItemLabelGenerator.java,     325
./java/org/jfree/chart/labels/AbstractPieItemLabelGenerator.java,     242
./java/org/jfree/chart/labels/AbstractXYItemLabelGenerator.java,     372
./java/org/jfree/chart/labels/BoxAndWhiskerToolTipGenerator.java,     149
./java/org/jfree/chart/labels/BoxAndWhiskerXYToolTipGenerator.java,     169
./java/org/jfree/chart/labels/BubbleXYItemLabelGenerator.java,     278
./java/org/jfree/chart/labels/CategoryItemLabelGenerator.java,     107
./java/org/jfree/chart/labels/CategorySeriesLabelGenerator.java,      67
./java/org/jfree/chart/labels/CategoryToolTipGenerator.java,      71
./java/org/jfree/chart/labels/CrosshairLabelGenerator.java,      61
./java/org/jfree/chart/labels/CustomXYToolTipGenerator.java,     197
./java/org/jfree/chart/labels/HighLowItemLabelGenerator.java,     229
./java/org/jfree/chart/labels/IntervalCategoryItemLabelGenerator.java,     138
./java/org/jfree/chart/labels/IntervalCategoryToolTipGenerator.java,     155
./java/org/jfree/chart/labels/IntervalXYItemLabelGenerator.java,     272
./java/org/jfree/chart/labels/IntervalXYToolTipGenerator.java,     264
./java/org/jfree/chart/labels/ItemLabelAnchor.java,     291
./java/org/jfree/chart/labels/ItemLabelPosition.java,     184
./java/org/jfree/chart/labels/MultipleXYSeriesLabelGenerator.java,     242
./java/org/jfree/chart/labels/PieSectionLabelGenerator.java,     109
./java/org/jfree/chart/labels/PieToolTipGenerator.java,      63
./java/org/jfree/chart/labels/StandardCategoryItemLabelGenerator.java,     149
./java/org/jfree/chart/labels/StandardCategorySeriesLabelGenerator.java,     167
./java/org/jfree/chart/labels/StandardCategoryToolTipGenerator.java,     132
./java/org/jfree/chart/labels/StandardCrosshairLabelGenerator.java,     161
./java/org/jfree/chart/labels/StandardPieSectionLabelGenerator.java,     257
./java/org/jfree/chart/labels/StandardPieToolTipGenerator.java,     167
./java/org/jfree/chart/labels/StandardXYItemLabelGenerator.java,     217
./java/org/jfree/chart/labels/StandardXYSeriesLabelGenerator.java,     174
./java/org/jfree/chart/labels/StandardXYToolTipGenerator.java,     199
./java/org/jfree/chart/labels/StandardXYZToolTipGenerator.java,     256
./java/org/jfree/chart/labels/SymbolicXYItemLabelGenerator.java,     180
./java/org/jfree/chart/labels/XYItemLabelGenerator.java,      71
./java/org/jfree/chart/labels/XYSeriesLabelGenerator.java,      68
./java/org/jfree/chart/labels/XYToolTipGenerator.java,      64
./java/org/jfree/chart/labels/XYZToolTipGenerator.java,      64
./java/org/jfree/chart/LegendItem.java,    1157
./java/org/jfree/chart/LegendItemCollection.java,     156
./java/org/jfree/chart/LegendItemSource.java,      57
./java/org/jfree/chart/LegendRenderingOrder.java,     124
./java/org/jfree/chart/MouseWheelHandler.java,     160
./java/org/jfree/chart/needle/ArrowNeedle.java,     182
./java/org/jfree/chart/needle/LineNeedle.java,     133
./java/org/jfree/chart/needle/LongNeedle.java,     187
./java/org/jfree/chart/needle/MeterNeedle.java,     429
./java/org/jfree/chart/needle/MiddlePinNeedle.java,     157
./java/org/jfree/chart/needle/PinNeedle.java,     154
./java/org/jfree/chart/needle/PlumNeedle.java,     142
./java/org/jfree/chart/needle/PointerNeedle.java,     164
./java/org/jfree/chart/needle/ShipNeedle.java,     140
./java/org/jfree/chart/needle/WindNeedle.java,     130
./java/org/jfree/chart/PaintMap.java,     224
./java/org/jfree/chart/panel/AbstractOverlay.java,     119
./java/org/jfree/chart/panel/CrosshairOverlay.java,     606
./java/org/jfree/chart/panel/Overlay.java,      76
./java/org/jfree/chart/plot/AbstractPieLabelDistributor.java,     112
./java/org/jfree/chart/plot/CategoryCrosshairState.java,     181
./java/org/jfree/chart/plot/CategoryMarker.java,     186
./java/org/jfree/chart/plot/CategoryPlot.java,    5128
./java/org/jfree/chart/plot/CenterTextMode.java,      59
./java/org/jfree/chart/plot/CombinedDomainCategoryPlot.java,     699
./java/org/jfree/chart/plot/CombinedDomainXYPlot.java,     803
./java/org/jfree/chart/plot/CombinedRangeCategoryPlot.java,     590
./java/org/jfree/chart/plot/CombinedRangeXYPlot.java,     777
./java/org/jfree/chart/plot/CompassPlot.java,     890
./java/org/jfree/chart/plot/Crosshair.java,     730
./java/org/jfree/chart/plot/CrosshairState.java,     396
./java/org/jfree/chart/plot/DatasetRenderingOrder.java,     144
./java/org/jfree/chart/plot/DefaultDrawingSupplier.java,     549
./java/org/jfree/chart/plot/dial/AbstractDialLayer.java,     220
./java/org/jfree/chart/plot/dial/ArcDialFrame.java,     521
./java/org/jfree/chart/plot/dial/DialBackground.java,     272
./java/org/jfree/chart/plot/dial/DialCap.java,     342
./java/org/jfree/chart/plot/dial/DialFrame.java,      70
./java/org/jfree/chart/plot/dial/DialLayer.java,     118
./java/org/jfree/chart/plot/dial/DialLayerChangeEvent.java,      75
./java/org/jfree/chart/plot/dial/DialLayerChangeListener.java,      62
./java/org/jfree/chart/plot/dial/DialPlot.java,     835
./java/org/jfree/chart/plot/dial/DialPointer.java,     655
./java/org/jfree/chart/plot/dial/DialScale.java,      75
./java/org/jfree/chart/plot/dial/DialTextAnnotation.java,     405
./java/org/jfree/chart/plot/dial/DialValueIndicator.java,     779
./java/org/jfree/chart/plot/dial/StandardDialFrame.java,     362
./java/org/jfree/chart/plot/dial/StandardDialRange.java,     439
./java/org/jfree/chart/plot/dial/StandardDialScale.java,    1023
./java/org/jfree/chart/plot/DialShape.java,     140
./java/org/jfree/chart/plot/DrawingSupplier.java,     107
./java/org/jfree/chart/plot/FastScatterPlot.java,    1133
./java/org/jfree/chart/plot/IntervalMarker.java,     235
./java/org/jfree/chart/plot/Marker.java,     696
./java/org/jfree/chart/plot/MeterInterval.java,     225
./java/org/jfree/chart/plot/MeterPlot.java,    1322
./java/org/jfree/chart/plot/MultiplePiePlot.java,     684
./java/org/jfree/chart/plot/Pannable.java,      97
./java/org/jfree/chart/plot/PieLabelDistributor.java,     224
./java/org/jfree/chart/plot/PieLabelLinkStyle.java,     142
./java/org/jfree/chart/plot/PieLabelRecord.java,     286
./java/org/jfree/chart/plot/PiePlot.java,    3488
./java/org/jfree/chart/plot/PiePlot3D.java,    1055
./java/org/jfree/chart/plot/PiePlotState.java,     279
./java/org/jfree/chart/plot/Plot.java,    1592
./java/org/jfree/chart/plot/PlotOrientation.java,     164
./java/org/jfree/chart/plot/PlotRenderingInfo.java,     289
./java/org/jfree/chart/plot/PlotState.java,      70
./java/org/jfree/chart/plot/PolarAxisLocation.java,     168
./java/org/jfree/chart/plot/PolarPlot.java,    2166
./java/org/jfree/chart/plot/RingPlot.java,     732
./java/org/jfree/chart/plot/SeriesRenderingOrder.java,     142
./java/org/jfree/chart/plot/SpiderWebPlot.java,    1649
./java/org/jfree/chart/plot/ThermometerPlot.java,    1696
./java/org/jfree/chart/plot/ValueAxisPlot.java,      64
./java/org/jfree/chart/plot/ValueMarker.java,     157
./java/org/jfree/chart/plot/WaferMapPlot.java,     434
./java/org/jfree/chart/plot/XYCrosshairState.java,      58
./java/org/jfree/chart/plot/XYPlot.java,    5692
./java/org/jfree/chart/plot/Zoomable.java,     180
./java/org/jfree/chart/PolarChartPanel.java,     263
./java/org/jfree/chart/renderer/AbstractRenderer.java,    3232
./java/org/jfree/chart/renderer/AreaRendererEndType.java,     138
./java/org/jfree/chart/renderer/category/AbstractCategoryItemRenderer.java,    1768
./java/org/jfree/chart/renderer/category/AreaRenderer.java,     370
./java/org/jfree/chart/renderer/category/BarPainter.java,      92
./java/org/jfree/chart/renderer/category/BarRenderer.java,    1414
./java/org/jfree/chart/renderer/category/BoxAndWhiskerRenderer.java,    1118
./java/org/jfree/chart/renderer/category/CategoryItemRenderer.java,    1433
./java/org/jfree/chart/renderer/category/CategoryItemRendererState.java,     228
./java/org/jfree/chart/renderer/category/CategoryStepRenderer.java,     373
./java/org/jfree/chart/renderer/category/DefaultCategoryItemRenderer.java,      59
./java/org/jfree/chart/renderer/category/GanttRenderer.java,     634
./java/org/jfree/chart/renderer/category/GradientBarPainter.java,     381
./java/org/jfree/chart/renderer/category/GroupedStackedBarRenderer.java,     371
./java/org/jfree/chart/renderer/category/IntervalBarRenderer.java,     276
./java/org/jfree/chart/renderer/category/LayeredBarRenderer.java,     459
./java/org/jfree/chart/renderer/category/LevelRenderer.java,     455
./java/org/jfree/chart/renderer/category/LineAndShapeRenderer.java,     919
./java/org/jfree/chart/renderer/category/MinMaxCategoryRenderer.java,     566
./java/org/jfree/chart/renderer/category/ScatterRenderer.java,     594
./java/org/jfree/chart/renderer/category/StackedAreaRenderer.java,     511
./java/org/jfree/chart/renderer/category/StackedBarRenderer.java,     431
./java/org/jfree/chart/renderer/category/StandardBarPainter.java,     225
./java/org/jfree/chart/renderer/category/StatisticalBarRenderer.java,     596
./java/org/jfree/chart/renderer/category/StatisticalLineAndShapeRenderer.java,     491
./java/org/jfree/chart/renderer/category/WaterfallBarRenderer.java,     498
./java/org/jfree/chart/renderer/DefaultPolarItemRenderer.java,    1011
./java/org/jfree/chart/renderer/GrayPaintScale.java,     237
./java/org/jfree/chart/renderer/LookupPaintScale.java,     392
./java/org/jfree/chart/renderer/NotOutlierException.java,      61
./java/org/jfree/chart/renderer/Outlier.java,     213
./java/org/jfree/chart/renderer/OutlierList.java,     185
./java/org/jfree/chart/renderer/OutlierListCollection.java,     186
./java/org/jfree/chart/renderer/PaintScale.java,      88
./java/org/jfree/chart/renderer/PolarItemRenderer.java,     225
./java/org/jfree/chart/renderer/RendererState.java,     124
./java/org/jfree/chart/renderer/RendererUtils.java,     268
./java/org/jfree/chart/renderer/WaferMapRenderer.java,     386
./java/org/jfree/chart/renderer/xy/AbstractXYItemRenderer.java,    1769
./java/org/jfree/chart/renderer/xy/CandlestickRenderer.java,     962
./java/org/jfree/chart/renderer/xy/ClusteredXYBarRenderer.java,     380
./java/org/jfree/chart/renderer/xy/CyclicXYItemRenderer.java,     513
./java/org/jfree/chart/renderer/xy/DefaultXYItemRenderer.java,      58
./java/org/jfree/chart/renderer/xy/DeviationRenderer.java,     390
./java/org/jfree/chart/renderer/xy/GradientXYBarPainter.java,     379
./java/org/jfree/chart/renderer/xy/HighLowRenderer.java,     525
./java/org/jfree/chart/renderer/xy/SamplingXYLineRenderer.java,     376
./java/org/jfree/chart/renderer/xy/StackedXYAreaRenderer.java,     703
./java/org/jfree/chart/renderer/xy/StackedXYAreaRenderer2.java,     556
./java/org/jfree/chart/renderer/xy/StackedXYBarRenderer.java,     442
./java/org/jfree/chart/renderer/xy/StandardXYBarPainter.java,     224
./java/org/jfree/chart/renderer/xy/StandardXYItemRenderer.java,    1070
./java/org/jfree/chart/renderer/xy/VectorRenderer.java,     349
./java/org/jfree/chart/renderer/xy/WindItemRenderer.java,     208
./java/org/jfree/chart/renderer/xy/XYAreaRenderer.java,     777
./java/org/jfree/chart/renderer/xy/XYAreaRenderer2.java,     469
./java/org/jfree/chart/renderer/xy/XYBarPainter.java,      92
./java/org/jfree/chart/renderer/xy/XYBarRenderer.java,    1298
./java/org/jfree/chart/renderer/xy/XYBlockRenderer.java,     464
./java/org/jfree/chart/renderer/xy/XYBoxAndWhiskerRenderer.java,     854
./java/org/jfree/chart/renderer/xy/XYBubbleRenderer.java,     366
./java/org/jfree/chart/renderer/xy/XYDifferenceRenderer.java,    1243
./java/org/jfree/chart/renderer/xy/XYDotRenderer.java,     398
./java/org/jfree/chart/renderer/xy/XYErrorRenderer.java,     460
./java/org/jfree/chart/renderer/xy/XYItemRenderer.java,    1378
./java/org/jfree/chart/renderer/xy/XYItemRendererState.java,     198
./java/org/jfree/chart/renderer/xy/XYLineAndShapeRenderer.java,    1213
./java/org/jfree/chart/renderer/xy/XYShapeRenderer.java,     622
./java/org/jfree/chart/renderer/xy/XYSplineRenderer.java,     512
./java/org/jfree/chart/renderer/xy/XYStepAreaRenderer.java,     658
./java/org/jfree/chart/renderer/xy/XYStepRenderer.java,     377
./java/org/jfree/chart/renderer/xy/YIntervalRenderer.java,     322
./java/org/jfree/chart/resources/JFreeChartResources.java,      65
./java/org/jfree/chart/servlet/ChartDeleter.java,     123
./java/org/jfree/chart/servlet/DisplayChart.java,     158
./java/org/jfree/chart/servlet/ServletUtilities.java,     432
./java/org/jfree/chart/StandardChartTheme.java,    1799
./java/org/jfree/chart/StrokeMap.java,     219
./java/org/jfree/chart/text/AttributedStringUtils.java,      94
./java/org/jfree/chart/text/G2TextMeasurer.java,      71
./java/org/jfree/chart/text/package-info.java,       4
./java/org/jfree/chart/text/TextBlock.java,     318
./java/org/jfree/chart/text/TextBlockAnchor.java,     178
./java/org/jfree/chart/text/TextBox.java,     421
./java/org/jfree/chart/text/TextFragment.java,     299
./java/org/jfree/chart/text/TextLine.java,     255
./java/org/jfree/chart/text/TextMeasurer.java,      49
./java/org/jfree/chart/text/TextUtils.java,     791
./java/org/jfree/chart/title/CompositeTitle.java,     250
./java/org/jfree/chart/title/DateTitle.java,     175
./java/org/jfree/chart/title/ImageTitle.java,     368
./java/org/jfree/chart/title/LegendGraphic.java,     754
./java/org/jfree/chart/title/LegendItemBlockContainer.java,     215
./java/org/jfree/chart/title/LegendTitle.java,     700
./java/org/jfree/chart/title/PaintScaleLegend.java,     730
./java/org/jfree/chart/title/ShortTextTitle.java,     242
./java/org/jfree/chart/title/TextTitle.java,     925
./java/org/jfree/chart/title/Title.java,     462
./java/org/jfree/chart/ui/Align.java,     148
./java/org/jfree/chart/ui/ApplicationFrame.java,     126
./java/org/jfree/chart/ui/Drawable.java,      49
./java/org/jfree/chart/ui/FontChooserPanel.java,     209
./java/org/jfree/chart/ui/FontDisplayField.java,      98
./java/org/jfree/chart/ui/GradientPaintTransformer.java,      53
./java/org/jfree/chart/ui/GradientPaintTransformType.java,     142
./java/org/jfree/chart/ui/HorizontalAlignment.java,     129
./java/org/jfree/chart/ui/Layer.java,      66
./java/org/jfree/chart/ui/LCBLayout.java,     264
./java/org/jfree/chart/ui/LengthAdjustmentType.java,     131
./java/org/jfree/chart/ui/NumberCellRenderer.java,      86
./java/org/jfree/chart/ui/PaintSample.java,     114
./java/org/jfree/chart/ui/RectangleAnchor.java,     162
./java/org/jfree/chart/ui/RectangleEdge.java,     213
./java/org/jfree/chart/ui/RectangleInsets.java,     535
./java/org/jfree/chart/ui/Size2D.java,     150
./java/org/jfree/chart/ui/StandardGradientPaintTransformer.java,     172
./java/org/jfree/chart/ui/StrokeChooserPanel.java,      97
./java/org/jfree/chart/ui/StrokeSample.java,     163
./java/org/jfree/chart/ui/TextAnchor.java,     320
./java/org/jfree/chart/ui/UIUtils.java,     210
./java/org/jfree/chart/ui/VerticalAlignment.java,     135
./java/org/jfree/chart/urls/CategoryURLGenerator.java,      78
./java/org/jfree/chart/urls/CustomCategoryURLGenerator.java,     199
./java/org/jfree/chart/urls/CustomPieURLGenerator.java,     226
./java/org/jfree/chart/urls/CustomXYURLGenerator.java,     211
./java/org/jfree/chart/urls/PieURLGenerator.java,      80
./java/org/jfree/chart/urls/StandardCategoryURLGenerator.java,     218
./java/org/jfree/chart/urls/StandardPieURLGenerator.java,     180
./java/org/jfree/chart/urls/StandardXYURLGenerator.java,     172
./java/org/jfree/chart/urls/StandardXYZURLGenerator.java,      65
./java/org/jfree/chart/urls/TimeSeriesURLGenerator.java,     227
./java/org/jfree/chart/urls/URLUtilities.java,      92
./java/org/jfree/chart/urls/XYURLGenerator.java,      71
./java/org/jfree/chart/urls/XYZURLGenerator.java,      66
./java/org/jfree/chart/util/AbstractObjectList.java,     266
./java/org/jfree/chart/util/Args.java,      90
./java/org/jfree/chart/util/ArrayUtils.java,     198
./java/org/jfree/chart/util/AttrStringUtils.java,     332
./java/org/jfree/chart/util/BooleanList.java,      92
./java/org/jfree/chart/util/CloneUtils.java,     107
./java/org/jfree/chart/util/DefaultShadowGenerator.java,     333
./java/org/jfree/chart/util/DirectionalGradientPaintTransformer.java,     138
./java/org/jfree/chart/util/ExportUtils.java,     250
./java/org/jfree/chart/util/HexNumberFormat.java,     162
./java/org/jfree/chart/util/HMSNumberFormat.java,     120
./java/org/jfree/chart/util/LineUtils.java,     172
./java/org/jfree/chart/util/LogFormat.java,     263
./java/org/jfree/chart/util/ObjectList.java,      94
./java/org/jfree/chart/util/ObjectUtils.java,     157
./java/org/jfree/chart/util/PaintAlpha.java,     394
./java/org/jfree/chart/util/PaintList.java,     156
./java/org/jfree/chart/util/PaintUtils.java,     183
./java/org/jfree/chart/util/PublicCloneable.java,      46
./java/org/jfree/chart/util/RelativeDateFormat.java,     585
./java/org/jfree/chart/util/ResourceBundleWrapper.java,     170
./java/org/jfree/chart/util/Rotation.java,      83
./java/org/jfree/chart/util/SerialUtils.java,     619
./java/org/jfree/chart/util/ShadowGenerator.java,      79
./java/org/jfree/chart/util/ShapeList.java,     166
./java/org/jfree/chart/util/ShapeUtils.java,     578
./java/org/jfree/chart/util/SortOrder.java,      63
./java/org/jfree/chart/util/StringUtils.java,      88
./java/org/jfree/chart/util/StrokeList.java,     163
./java/org/jfree/chart/util/TableOrder.java,      64
./java/org/jfree/chart/util/UnitType.java,      63
./java/org/jfree/chart/util/XYCoordinateType.java,     137
./java/org/jfree/data/category/CategoryDataset.java,      69
./java/org/jfree/data/category/CategoryRangeInfo.java,      66
./java/org/jfree/data/category/CategoryToPieDataset.java,     337
./java/org/jfree/data/category/DefaultCategoryDataset.java,     446
./java/org/jfree/data/category/DefaultIntervalCategoryDataset.java,     817
./java/org/jfree/data/category/IntervalCategoryDataset.java,     103
./java/org/jfree/data/category/SlidingCategoryDataset.java,     362
./java/org/jfree/data/ComparableObjectItem.java,     193
./java/org/jfree/data/ComparableObjectSeries.java,     451
./java/org/jfree/data/DataUtils.java,     282
./java/org/jfree/data/DefaultKeyedValue.java,     180
./java/org/jfree/data/DefaultKeyedValues.java,     473
./java/org/jfree/data/DefaultKeyedValues2D.java,     583
./java/org/jfree/data/DomainInfo.java,      93
./java/org/jfree/data/DomainOrder.java,     140
./java/org/jfree/data/function/Function2D.java,      58
./java/org/jfree/data/function/LineFunction2D.java,     139
./java/org/jfree/data/function/NormalDistributionFunction2D.java,     153
./java/org/jfree/data/function/PolynomialFunction2D.java,     134
./java/org/jfree/data/function/PowerFunction2D.java,     139
./java/org/jfree/data/gantt/GanttCategoryDataset.java,     182
./java/org/jfree/data/gantt/SlidingGanttCategoryDataset.java,     637
./java/org/jfree/data/gantt/Task.java,     254
./java/org/jfree/data/gantt/TaskSeries.java,     202
./java/org/jfree/data/gantt/TaskSeriesCollection.java,     705
./java/org/jfree/data/gantt/XYTaskDataset.java,     479
./java/org/jfree/data/general/AbstractDataset.java,     304
./java/org/jfree/data/general/AbstractSeriesDataset.java,     117
./java/org/jfree/data/general/Dataset.java,      93
./java/org/jfree/data/general/DatasetChangeEvent.java,      86
./java/org/jfree/data/general/DatasetChangeListener.java,      62
./java/org/jfree/data/general/DatasetGroup.java,     122
./java/org/jfree/data/general/DatasetUtils.java,    2378
./java/org/jfree/data/general/DefaultHeatMapDataset.java,     335
./java/org/jfree/data/general/DefaultKeyedValueDataset.java,     198
./java/org/jfree/data/general/DefaultKeyedValues2DDataset.java,      61
./java/org/jfree/data/general/DefaultKeyedValuesDataset.java,      56
./java/org/jfree/data/general/DefaultPieDataset.java,     375
./java/org/jfree/data/general/DefaultValueDataset.java,     141
./java/org/jfree/data/general/HeatMapDataset.java,     154
./java/org/jfree/data/general/HeatMapUtils.java,     132
./java/org/jfree/data/general/KeyedValueDataset.java,      52
./java/org/jfree/data/general/KeyedValues2DDataset.java,      55
./java/org/jfree/data/general/KeyedValuesDataset.java,      51
./java/org/jfree/data/general/PieDataset.java,      60
./java/org/jfree/data/general/Series.java,     424
./java/org/jfree/data/general/SeriesChangeEvent.java,      64
./java/org/jfree/data/general/SeriesChangeListener.java,      59
./java/org/jfree/data/general/SeriesDataset.java,      90
./java/org/jfree/data/general/SeriesException.java,      64
./java/org/jfree/data/general/ValueDataset.java,      52
./java/org/jfree/data/general/WaferMapDataset.java,     314
./java/org/jfree/data/io/CSV.java,     201
./java/org/jfree/data/ItemKey.java,      57
./java/org/jfree/data/jdbc/JDBCCategoryDataset.java,     318
./java/org/jfree/data/jdbc/JDBCPieDataset.java,     250
./java/org/jfree/data/jdbc/JDBCXYDataset.java,     561
./java/org/jfree/data/json/impl/JSONArray.java,     158
./java/org/jfree/data/json/impl/JSONAware.java,      46
./java/org/jfree/data/json/impl/JSONObject.java,     193
./java/org/jfree/data/json/impl/JSONStreamAware.java,      53
./java/org/jfree/data/json/impl/JSONValue.java,     342
./java/org/jfree/data/json/impl/package-info.java,       4
./java/org/jfree/data/json/JSONUtils.java,     201
./java/org/jfree/data/json/package-info.java,       4
./java/org/jfree/data/KeyedObject.java,     150
./java/org/jfree/data/KeyedObjects.java,     355
./java/org/jfree/data/KeyedObjects2D.java,     513
./java/org/jfree/data/KeyedValue.java,      59
./java/org/jfree/data/KeyedValueComparator.java,     175
./java/org/jfree/data/KeyedValueComparatorType.java,     117
./java/org/jfree/data/KeyedValues.java,     105
./java/org/jfree/data/KeyedValues2D.java,     118
./java/org/jfree/data/KeyedValues2DItemKey.java,     158
./java/org/jfree/data/KeyedValuesItemKey.java,     107
./java/org/jfree/data/KeyToGroupMap.java,     319
./java/org/jfree/data/Range.java,     478
./java/org/jfree/data/RangeInfo.java,      88
./java/org/jfree/data/RangeType.java,     142
./java/org/jfree/data/resources/DataPackageResources.java,      70
./java/org/jfree/data/resources/DataPackageResources_de.java,      70
./java/org/jfree/data/resources/DataPackageResources_es.java,      71
./java/org/jfree/data/resources/DataPackageResources_fr.java,      69
./java/org/jfree/data/resources/DataPackageResources_pl.java,      71
./java/org/jfree/data/resources/DataPackageResources_ru.java,      67
./java/org/jfree/data/statistics/BoxAndWhiskerCalculator.java,     236
./java/org/jfree/data/statistics/BoxAndWhiskerCategoryDataset.java,     240
./java/org/jfree/data/statistics/BoxAndWhiskerItem.java,     297
./java/org/jfree/data/statistics/BoxAndWhiskerXYDataset.java,     180
./java/org/jfree/data/statistics/DefaultBoxAndWhiskerCategoryDataset.java,     949
./java/org/jfree/data/statistics/DefaultBoxAndWhiskerXYDataset.java,     578
./java/org/jfree/data/statistics/DefaultMultiValueCategoryDataset.java,     417
./java/org/jfree/data/statistics/DefaultStatisticalCategoryDataset.java,     735
./java/org/jfree/data/statistics/HistogramBin.java,     162
./java/org/jfree/data/statistics/HistogramDataset.java,     514
./java/org/jfree/data/statistics/HistogramType.java,     151
./java/org/jfree/data/statistics/MeanAndStandardDeviation.java,     178
./java/org/jfree/data/statistics/MultiValueCategoryDataset.java,      75
./java/org/jfree/data/statistics/Regression.java,     371
./java/org/jfree/data/statistics/SimpleHistogramBin.java,     268
./java/org/jfree/data/statistics/SimpleHistogramDataset.java,     491
./java/org/jfree/data/statistics/StatisticalCategoryDataset.java,      97
./java/org/jfree/data/statistics/Statistics.java,     470
./java/org/jfree/data/time/DateRange.java,     172
./java/org/jfree/data/time/Day.java,     469
./java/org/jfree/data/time/DynamicTimeSeriesCollection.java,     973
./java/org/jfree/data/time/FixedMillisecond.java,     305
./java/org/jfree/data/time/Hour.java,     484
./java/org/jfree/data/time/Millisecond.java,     435
./java/org/jfree/data/time/Minute.java,     492
./java/org/jfree/data/time/Month.java,     540
./java/org/jfree/data/time/MovingAverage.java,     348
./java/org/jfree/data/time/ohlc/OHLC.java,     164
./java/org/jfree/data/time/ohlc/OHLCItem.java,     146
./java/org/jfree/data/time/ohlc/OHLCSeries.java,     143
./java/org/jfree/data/time/ohlc/OHLCSeriesCollection.java,     500
./java/org/jfree/data/time/Quarter.java,     485
./java/org/jfree/data/time/RegularTimePeriod.java,     306
./java/org/jfree/data/time/Second.java,     462
./java/org/jfree/data/time/SimpleTimePeriod.java,     227
./java/org/jfree/data/time/TimePeriod.java,      69
./java/org/jfree/data/time/TimePeriodAnchor.java,     146
./java/org/jfree/data/time/TimePeriodFormatException.java,      58
./java/org/jfree/data/time/TimePeriodValue.java,     194
./java/org/jfree/data/time/TimePeriodValues.java,     574
./java/org/jfree/data/time/TimePeriodValuesCollection.java,     452
./java/org/jfree/data/time/TimeSeries.java,    1382
./java/org/jfree/data/time/TimeSeriesCollection.java,     794
./java/org/jfree/data/time/TimeSeriesDataItem.java,     236
./java/org/jfree/data/time/TimeSeriesTableModel.java,     274
./java/org/jfree/data/time/TimeTableXYDataset.java,     613
./java/org/jfree/data/time/Week.java,     645
./java/org/jfree/data/time/Year.java,     406
./java/org/jfree/data/UnknownKeyException.java,      57
./java/org/jfree/data/Value.java,      56
./java/org/jfree/data/Values.java,      71
./java/org/jfree/data/Values2D.java,      75
./java/org/jfree/data/xml/CategoryDatasetHandler.java,     139
./java/org/jfree/data/xml/CategorySeriesHandler.java,     155
./java/org/jfree/data/xml/DatasetReader.java,     152
./java/org/jfree/data/xml/DatasetTags.java,      66
./java/org/jfree/data/xml/ItemHandler.java,     170
./java/org/jfree/data/xml/KeyHandler.java,     159
./java/org/jfree/data/xml/PieDatasetHandler.java,     135
./java/org/jfree/data/xml/RootHandler.java,     126
./java/org/jfree/data/xml/ValueHandler.java,     164
./java/org/jfree/data/xy/AbstractIntervalXYDataset.java,     130
./java/org/jfree/data/xy/AbstractXYDataset.java,     102
./java/org/jfree/data/xy/AbstractXYZDataset.java,      69
./java/org/jfree/data/xy/CategoryTableXYDataset.java,     429
./java/org/jfree/data/xy/DefaultHighLowDataset.java,     443
./java/org/jfree/data/xy/DefaultIntervalXYDataset.java,     568
./java/org/jfree/data/xy/DefaultOHLCDataset.java,     355
./java/org/jfree/data/xy/DefaultTableXYDataset.java,     666
./java/org/jfree/data/xy/DefaultWindDataset.java,     437
./java/org/jfree/data/xy/DefaultXYDataset.java,     386
./java/org/jfree/data/xy/DefaultXYZDataset.java,     442
./java/org/jfree/data/xy/IntervalXYDataset.java,     155
./java/org/jfree/data/xy/IntervalXYDelegate.java,     488
./java/org/jfree/data/xy/IntervalXYZDataset.java,     109
./java/org/jfree/data/xy/MatrixSeries.java,     239
./java/org/jfree/data/xy/MatrixSeriesCollection.java,     330
./java/org/jfree/data/xy/NormalizedMatrixSeries.java,     153
./java/org/jfree/data/xy/OHLCDataItem.java,     208
./java/org/jfree/data/xy/OHLCDataset.java,     162
./java/org/jfree/data/xy/TableXYDataset.java,      62
./java/org/jfree/data/xy/Vector.java,     148
./java/org/jfree/data/xy/VectorDataItem.java,     127
./java/org/jfree/data/xy/VectorSeries.java,     187
./java/org/jfree/data/xy/VectorSeriesCollection.java,     337
./java/org/jfree/data/xy/VectorXYDataset.java,      89
./java/org/jfree/data/xy/WindDataset.java,      77
./java/org/jfree/data/xy/XIntervalDataItem.java,     118
./java/org/jfree/data/xy/XIntervalSeries.java,     174
./java/org/jfree/data/xy/XIntervalSeriesCollection.java,     367
./java/org/jfree/data/xy/XisSymbolic.java,      78
./java/org/jfree/data/xy/XYBarDataset.java,     399
./java/org/jfree/data/xy/XYCoordinate.java,     176
./java/org/jfree/data/xy/XYDataItem.java,     276
./java/org/jfree/data/xy/XYDataset.java,     129
./java/org/jfree/data/xy/XYDatasetTableModel.java,     258
./java/org/jfree/data/xy/XYDomainInfo.java,      66
./java/org/jfree/data/xy/XYInterval.java,     165
./java/org/jfree/data/xy/XYIntervalDataItem.java,     151
./java/org/jfree/data/xy/XYIntervalSeries.java,     209
./java/org/jfree/data/xy/XYIntervalSeriesCollection.java,     396
./java/org/jfree/data/xy/XYItemKey.java,     158
./java/org/jfree/data/xy/XYRangeInfo.java,      67
./java/org/jfree/data/xy/XYSeries.java,     999
./java/org/jfree/data/xy/XYSeriesCollection.java,     760
./java/org/jfree/data/xy/XYZDataset.java,      72
./java/org/jfree/data/xy/YInterval.java,     130
./java/org/jfree/data/xy/YIntervalDataItem.java,     118
./java/org/jfree/data/xy/YIntervalSeries.java,     176
./java/org/jfree/data/xy/YIntervalSeriesCollection.java,     365
./java/org/jfree/data/xy/YisSymbolic.java,      79
./java/org/jfree/data/xy/YWithXInterval.java,     134
